"Grammar Point","Meaning","Formation","Example (Japanese)","Example (Romaji)","Example (English)","JLPT Level"
"A うが B うが (A uga B uga)","Expresses the idea of 'no matter how...or', 'even if...or'.","Verb-volitional form + うが + Verb-volition form + うが","朝早く起きるうが、夜遅く起きるうが、いつもバスが遅れる。","Asa hayaku okiru u ga, yoru osoku okiru u ga, itsumo basu ga okureru.","No matter whether I wake up early in the morning or late at night, the bus is always late.","JLPT N1"
"A うと B うと (A uto B uto)","To show both conditions A and B are equivalent or indifferent; 'whether A or B'.","い-adjective + うと, な-adjective + であろうと, Noun + であろうと","雨が降ろうと晴れようと、私は毎日ジョギングをします。","Ame ga furo u to hare yo u to, watashi wa mainichi jogingu wo shimasu.","Whether it's raining or sunny, I jog every day.","JLPT N1"
"A かたわら B (A katawara B)","Expresses 'while also'; 'at the same time as'.","Verb-dictionary form + かたわら, Noun + のかたわら","彼は仕事をするかたわら、大学に通っている。","Kare wa shigoto o suru katawara, daigaku ni kayotte iru.","While also working, he is attending university.","JLPT N1"
"A かれ B かれ (A kare B kare)","Express either A or B or both; 'whether A or B'","Noun + かれ + Noun + かれ","冬かれ夏かれ、毎日ジョギングする。","Fuyu kare natsu kare, mainichi jyogingu suru.","Whether it is winter or summer, I jog every day.","JLPT N1"
"A だの B だの (A dano B dano)","Used to list examples; 'things like', 'and so on'.","Noun + だの Noun + だの","彼はいつも遅刻だの、仕事を忘れるだので困る。","Kare wa itsumo chikoku dano, shigoto wo wasureru dano de komaru.","I'm troubled by him always being late, forgetting work, and so on.","JLPT N1"
"A であれ B であれ (A deare B deare)","Used to indicate that something applies to multiple situations; 'whether A or B'.","Noun A + であれ + Noun B + であれ","雨であれ雪であれ、試合は中止にならない。","Ame deare yuki deare, shiai wa chuushi ni naranai.","Whether it's rain or snow, the match will not be cancelled.","JLPT N1"
"A というか B というか (A to iu ka B to iu ka)","This phrase translates to 'rather than say A, it's more like B' or 'whether to call it A or B'.","Phrase A + というか, + Phrase B + というか","彼は無礼というか、直接的というか、とにかく彼の言葉はすごくはっきりとしてます。","Kare wa burei to iu ka, chokusetsuteki to iu ka, tonikaku kare no kotoba wa sugoku hakkiri to shiteimasu.","He is, rather than rude, more like direct; anyway, his words are very clear.","JLPT N1"
"A とも B とも (A tomo B tomo)","Express two possibilities; 'either A or B', 'whether A or B'.","Noun + とも + Noun + とも","決断とも誤りとも、結果は時間が教えてくれるでしょう。","Ketsudan tomo ayamari tomo, kekka wa jikan ga oshiete kureru deshou.","Whether it's a decision or a mistake, time will tell the result.","JLPT N1"
"A にしろ B にしろ (A nishiro B nishiro)","Whether it is A or B; Regardless of A or B","Noun A + にしろ + Noun B + にしろ, Verb-casual A + にしろ + Verb-casual B + にしろ","暑いにしろ、寒いにしろ、毎日運動するべきです。","Atsui ni shiro, samui ni shiro, mainichi undou suru beki desu.","Whether it's hot or cold, you should exercise every day.","JLPT N1"
"A にせよ B にせよ (A ni seyo B ni seyo)","Either A or B, Regardless of A or B.","Noun + にせよ Noun + にせよ","雨にせよ雪にせよ、試合は中止しない。","Ame ni seyo yuki ni seyo, shiai wa chuushi shinai.","Whether it's rain or snow, the match won't be cancelled.","JLPT N1"
"A につけ B につけ （A ni tsuke B ni tsuke）","Used to express 'whether... or...', 'both... and...', 'in either case'.","Phrase A + につけ、Phrase B + につけ","彼には笑うにつけ泣くにつけ、とても魅力的な人だ。","Kare ni wa warau ni tsuke naku ni tsuke, totemo miryokuteki na hito da.","He is very attractive whether he is laughing or crying.","JLPT N1"
"A のやら B のやら (A noyara B noyara)","Used when the speaker is confused or unsure about multiple things.","Noun 1 + のやら + Noun 2 + のやら","彼が怒っているのやら、悲しいのやら、私には分からない。","Kare ga okotte iru no yara, kanashii no yara, watashi ni wa wakaranai.","I don't know whether he is angry or sad.","JLPT N1"
"Noun1 が Noun1 なら、 Noun2 も Noun2 だ (A ga A nara, B mo B da)","Indicates 'if Noun1 is the case then it is only natural that Noun2 is the case as well.'","Noun1 + が + Repeat Noun1 + なら、 + Noun2 + も + Repeat Noun2 + だ","鬼が鬼なら、人間も人間だ。","Oni ga oni nara, ningen mo ningen da.","If demons are demons, humans are also humans.","JLPT N1"
"Noun1 も Noun1 なら、Noun2 も Noun2 だ (A mo A nara, B mo B da)","The structure expresses 'if it is said that ~, then it can be said that ~' or '~ not only, but also ~'.","Noun1 + も + Noun1 + なら、Noun2 + も + Noun2 + だ","君も君なら、私も私だ。","Kimi mo kimi nara, watashi mo watashi da.","If you are you, then I am also me.","JLPT N1"
"Noun + あっての + Noun (A atteno B)","Expresses the idea 'nothing without'; something being indispensable for the existence of something else.","Noun1 + あっての + Noun2","家族あっての私です。","Kazoku atte no watashi desu.","I am nothing without my family.","JLPT N1"
"Noun かたがた (Noun kata gata)","Used when doing one thing while also doing another; 'while', 'and at the same time'.","Noun + かたがた","東京へ出張のかたがた、友人に会いに行った。","Toukyou e shuccho no kata gata, yujin ni ai ni itta.","While I was on a business trip to Tokyo, I went to see a friend.","JLPT N1"
"Noun がてら (Noun gatera)","At the same time; on the occasion of; while; along with.","Noun + がてら","散歩がてらに、近くの公園で花を摘みました。","Sanpo gatera ni, chikaku no kouen de hana wo tsumimashita.","While taking a walk, I picked flowers in the nearby park.","JLPT N1"
"Noun からある (〜kara aru)","Expresses 'beginning from', 'from' or 'after'. Often used to indicate a high number or large scale.","Number + Counter + からある","彼のコレクションは500個からある。","Kare no korekushon wa gohyaku ko kara aru.","His collection starts from 500 items.","JLPT N1"
"Noun からする (Noun kara suru)","Used to indicate that something is judged, estimated, or considered from a certain point or aspect.","Noun + からする","彼の態度からすると、彼はその計画に反対しているようだ。","Kare no taido kara suru to, kare wa sono keikaku ni hantai shiteiru you da.","Judging from his attitude, he seems to be against the plan.","JLPT N1"
"Noun からの (~kara no)","Defines the starting point or the origin; 'from'.","Noun + からの","日本からの手紙を受け取りました。","Nihon kara no tegami wo uketorimashita.","I received a letter from Japan.","JLPT N1"
"Noun から言わせれば (~kara iwasereba)","Express the perspective of noun; 'from ~ point of view'","Noun + から言わせれば","先生から言わせれば、毎日勉強するべきだ。","Sensei kara iwasereba, mainichi benkyou suru beki da.","From the teacher's point of view, you should study every day.","JLPT N1"
"Noun + ぐるみ (〜gurumi)","This term is used to describe 'entirely', 'altogether', 'as a whole' or 'collectively'.","Noun + ぐるみ","家族ぐるみで旅行に行きました。","Kazoku gurumi de ryokou ni ikimashita.","We went on a trip as a whole family.","JLPT N1"
"Noun こそあれ (~kosoare)","Expresses the meaning 'even if'; 'no matter'.","Noun + こそあれ","結果こそあれ、努力したことには変わりない。","Kekka koso are, doryoku shita koto ni wa kawari nai.","Even if the result is what it is, the fact that we made an effort won't change.","JLPT N1"
"Noun こそ～が (~koso~ga)","Used to emphasize that it is precisely because of something, that another statement is true.","Noun + こそ + Sentence + が","初めてこそたいせつだが、諦めないことが一番大切だ。","Hajimete koso taisetsu da ga, akiramenai koto ga ichiban taisetsu da.","The first step is important, of course, but what's most crucial is that you don't give up.","JLPT N1"
"Noun こそすれ (~koso sure)","An emphatic expression for 'if anything', 'especially', and 'it is', which shows that other alternatives are hardly conceivable.","Noun + こそすれ","仕事こそすれ何もしていない。","Shigoto kososure nani mo shite inai.","I am not doing anything if not working.","JLPT N1"
"Noun ごとき / Noun ごとく (〜gotoki/〜gotoku)","'Like a...', 'like...', or 'as if'. Expresses similarity or metaphor.","Noun + ごとき, Noun + ごとく, Verb-casual + ごとく, い-Adjective + ごとく","彼は天使のごとく純粋だ。","Kare wa tenshi no gotoku junsui da.","He is pure like an angel.","JLPT N1"
"Noun じゃあるまいし (~ja aru mai shi)","Expressing that something 'is not'; 'is not the case'.","Noun or Na-Adjective + じゃあるまいし","彼は子供じゃあるまいし、その問題をしっかりと解決するべきだ。","Kare wa kodomo ja aru mai shi, sono mondai o shikkari to kaiketsu suru beki da.","He's not a child, he should solve that problem properly.","JLPT N1"
"Noun ずくめ (~zukume)","Denotes 'entirely' or 'nothing but'.","Noun + ずくめ","彼は最近、失敗ずくめだ。","Kare wa saikin, shippai zukume da.","He has been nothing but failures recently.","JLPT N1"
"Noun だけではすまない (Noun dake dewa sumanai)","Expresses 'not finish/end with just', 'cannot be settled only by'.","Noun + だけではすまない","この問題は謝罪だけではすまない。","Kono mondai wa shazai dake dewa sumanai.","This problem cannot be settled with just an apology.","JLPT N1"
"Noun たりとも～ない (~tari tomo ~nai)","This expression shows the meaning of 'not even', 'not a single'.","Noun + たりとも + Negative Verb","一分たりとも無駄にするな。","Ippun tari tomo muda ni suruna.","Don't waste even a single minute.","JLPT N1"
"Noun たる Noun (~taru~)","Expresses the idea of 'being in the condition or state of'","Noun1 + たる + Noun2","リーダータル者は、常に前を見て、他の人々を導くべきだ。","Riidaa taru mono wa, tsune ni mae o mite, hoka no hitobito o michibiku beki da.","A person who is a leader should always look ahead and guide others.","JLPT N1"
"Noun ですら (~desura)","Express 'even', 'even if', or 'as much as'.","Noun + ですら","明日試験があるのに、彼はテキストブックを読むですらしない。","Ashita shiken ga aru noni, kare wa tekisutobukku o yomu desura shinai.","Even though we have a test tomorrow, he doesn't even read the textbook.","JLPT N1"
"Noun でなくてなんだろう (〜de nakute nandarou)","Expresses the speaker's strong belief that something is certainly the case.","Noun + でなくてなんだろう","これが真実でなくてなんだろう。","Kore ga shinjitsu de nakute nandarou.","If this isn't the truth, then what is?","JLPT N1"
"Noun ではあるまいし (~dewa aru maishi)","Use this phrase to mean 'it's not as if', 'it's not that'.","Noun + ではあるまいし","彼女は、プロの歌手ではあるまいし、完璧を求めるな。","Kanojo wa, puro no kashu de wa arumai shi, kanpeki o motomeru na.","She is not a professional singer, so don't demand perfection.","JLPT N1"
"Noun と Noun を兼ねて (Noun to Noun o kanete)","Used to express the idea of doing two things at once or serving two purposes.","Noun + と + Noun + を兼ねて","お父さんは社長と経理部長を兼ねています。","Otousan wa shachou to keiri buchou o kanete imasu.","My father serves as both the company president and the head of accounting.","JLPT N1"
"Noun といい Noun といい (〜toii〜toii)","Used to express 'both A and B'; 'whether it's A or B'; 'not to mention A and also B'.","Noun1 + といい + Noun2 + といい + Comment","日本の食べ物といい観光地といい、すべてが素晴らしいです。","Nihon no tabemono to ii kankouchi to ii, subete ga subarashii desu.","Both Japanese food and tourist spots are all wonderful.","JLPT N1"
"Noun という Noun (~to iu~)","Used to specify or define one noun with another; 'the noun called', 'the noun that is' or 'a certain'.","Noun1 という Noun2","宮崎駿という人は有名なアニメーション監督です。","Miyazaki Hayao to iu hito wa yuumei na animation kantoku desu.","The person called Hayao Miyazaki is a famous animation director.","JLPT N1"
"Noun というところだ (Noun to iu tokoro da)","Means 'it's approximately...' or 'it's about...'. Used to show approximation or a general assessment.","Noun + というところだ","今回の試験の合格者は半数というところだろう。","Konkai no shiken no goukakusha wa hansuu to iu tokoro darou.","The passers in this exam would be approximately half.","JLPT N1"
"Noun + というもの (~ to iu mono)","Used to express 'every', 'all'. Concept of generic reference.","Noun + というもの","子供というものは、毎日たくさん遊びます。","Kodomo to iu mono wa, mainichi takusan asobimasu.","Children, as a group, play a lot every day.","JLPT N1"
"Noun といったところだ (Noun to itta tokoro da)","Expresses 'at most', 'as much as', 'limited to'.","Noun + といったところだ","彼の英語レベルは初級といったところだ。","Kare no eigo reberu wa shokyuu to itta tokoro da.","His English level is at most beginner level.","JLPT N1"
"Noun といわず Noun といわず (A to iwazu B to iwazu)","Expresses an idea of 'both A and B' or 'be it A or B'; 'not only A but also B'.","Noun1 + といわず + Noun2 + といわず + (rest of the sentence)","冬といわず夏といわず、彼はいつもアイスクリームを食べます。","Fuyu to iwazu natsu to iwazu, kare wa itsumo aisukurīmu o tabemasu.","Be it winter or summer, he always eats ice cream.","JLPT N1"
"Noun + ときたら (〜tokitara)","Expresses strong feelings about a matter; 'speaking of', 'when it comes to'.","Noun + ときたら","寿司ときたら、彼は何も食べれない。","Sushi tokitara, kare wa nani mo taberenai.","When it comes to sushi, he can't eat anything.","JLPT N1"
"Noun とは比べものにならない (~to wa kurabemono ni naranai)","To indicate something is not comparable with; 'not comparable to', 'beyond comparison'.","Noun + とは比べものにならない","新しい車の速さは古い車とは比べ物にならない。","Atarashii kuruma no hayasa wa furui kuruma to wa kurabemono ni naranai.","The speed of the new car is not comparable to the old car.","JLPT N1"
"Noun + ともあろう + Noun (~tomoarou~)","Used to point out unbecoming behavior of a person or thing with certain status","Noun + ともあろう","先生ともあろう者が、そんな間違いをするなんて。","Sensei tomoarou mono ga, sonna machigai o suru nante.","For someone claiming to be a teacher, it's shocking that they would make such a mistake.","JLPT N1"
"Noun ともなると (〜to mo naruto)","'When it comes to..', 'In case of..', signifies change.","Noun + ともなると","クリスマスともなると、街中がきらきらと輝いて見えます。","Kurisumasu to mo naruto, machijuu ga kirakira to kagayaite miemasu.","When it comes to Christmas, the whole city seems to sparkle.","JLPT N1"
"Noun ともなれば (〜to mo nareba)","Expresses the meaning of 'if it comes to', 'when', or 'once'.","Noun + ともなれば","試験ともなれば、大抵の人が緊張するものです。","Shiken to mo nareba, taitei no hito ga kinchou suru mono desu.","When it comes to exams, most people get nervous.","JLPT N1"
"Noun と相まって (~ to aimatte)","Used to express 'in combination with', 'together with', 'along with'.","Noun + と相まって","天気の良さと相まって、ピクニックは大成功でした。","Tenki no yosa to aimatte, pikunikku wa daiseikou deshita.","Thanks to the good weather, the picnic was a great success.","JLPT N1"
"Noun なくして～はない (Noun nakushite ~ wa nai)","Expresses the idea 'without ~, there can't be ~'; 'can't do ~ without first doing ~'.","Noun + なくして + Sentence ～はない","努力なくして成功はない。","Doryoku nakushite seikou wa nai.","There is no success without making an effort.","JLPT N1"
"Noun なしでは～ない (Noun nashi de wa ~nai)","Expresses the necessity of something; 'cannot do without', 'not possible without'.","Noun + なしでは～ない","水なしでは生きられない。","Mizu nashi de wa ikirarenai.","We cannot live without water.","JLPT N1"
"Noun なしには～ない (Noun nashi ni wa ~nai)","It means 'without', 'cannot do without', 'not possible without'.","Noun + なしには + Verb-negative","お金なしには生活ができない。","Okane nashi niwa seikatsu ga dekinai.","Without money, life is not possible.","JLPT N1"
"Noun ならいざ知らず (~nara izashirazu)","Expresses 'not to mention', 'let alone'.","Noun1 + ならいざ知らず + Noun2","数学ならいざ知らず、物理なんて全然わからない。","Suugaku nara iza shirazu, butsuri nante zenzen wakaranai.","I don't understand physics at all, not to mention maths.","JLPT N1"
"Noun + ならでは (~nara de wa)","Expresses 'only', 'characteristic of'.","Noun + ならでは","これは日本ならではの風景ですね。","Kore wa Nihon nara dewa no fuukei desu ne.","This is a landscape characteristic of Japan, isn't it?","JLPT N1"
"Noun なり Noun なり (A nari B nari)","Indicates several alternatives; 'either...or', 'such as...'","Noun + なり + Noun + なり","映画なり、音楽なり、何か趣味はありますか。","Eiga nari, ongaku nari, nanika shumi wa arimasu ka?","Do you have any hobbies, like movies or music?","JLPT N1"
"Noun なりとも (~nari tomo)","Indicates even a small amount or degree; 'even a little', 'at least'.","Noun + なりとも","時間が限られているので、一時間なりとも練習すべきだ。","Jikan ga kagirarete iru node, ichi jikan nari tomo renshuu subeki da.","Since time is limited, you should practice for at least an hour.","JLPT N1"
"Noun に Noun を重ねて (A ni B wo kasanete)","This expression is used to describe repeated actions or states, 'one after another' or 'pile up'.","Noun に Noun を重ねて","彼女は失敗に失敗を重ねて、とうとう会社を辞めた。","Kanojo wa shippai ni shippai wo kasanete, toutou kaisha wo yameta.","She piled up failures upon failures and finally quit the company.","JLPT N1"
"Noun にあっては (Noun ni atte ha)","Indicates a specific situation or environment in which something happens or is the case.","Noun + にあっては","戦争時にあっては、すべての人々が困難に直面していました。","Sensouji ni atte ha, subete no hito ga konnan ni chokumen shiteimashita.","In wartime, all people were facing difficulties.","JLPT N1"
"Noun にあるまじき Noun (Noun ni aru majiki Noun)","Expresses the idea of 'unfitting', 'unbecoming' or 'inappropriate'.","Noun1 にあるまじき Noun2","彼は教師にあるまじき言動をとった。","Kare wa kyoushi ni aru majiki gendou wo totta.","He took actions that are unbecoming of a teacher.","JLPT N1"
"Noun にして (Noun ni shite)","Expresses the idea 'even for', 'even though', or 'in spite of'.","Noun + にして","彼は医者にしてその基本的な知識がないのが信じられない。","Kare wa isha ni shite sono kihonteki na chishiki ga nai no ga shinjirarenai.","I can't believe that even as a doctor, he doesn't have that basic knowledge.","JLPT N1"
"Noun にして初めて (Noun nishite hajimete)","Expresses 'only when/after... for the first time'.","Noun + にして初めて","大人にして初めて、親の苦労が分かった。","Otona ni shite hajimete, oya no kurou ga wakatta.","Only when I became an adult, I understood my parents' struggles for the first time.","JLPT N1"
"Noun にすら (〜ni sura)","Expresses the concept of 'even'; 'even in', 'even as', 'even to'.","Noun + にすら","彼にすらその問題は解けなかった。","Kare ni sura sono mondai wa tokenakatta.","Even he could not solve that problem.","JLPT N1"
"Noun にとどまらず～も (~ ni todomarazu ~ mo)","This expresses the idea of 'not only...but also', 'not stopping at...'","Noun + にとどまらず + Noun + も","このアプリは、日本語にとどまらず、他の言語もサポートしています。","Kono apuri wa, nihongo ni todomarazu, hoka no gengo mo sapooto shite imasu.","This app not only supports Japanese, but also other languages.","JLPT N1"
"Noun にひきかえ Noun は (~ni hikikae ~ wa)","Represents 'in contrast to', 'as opposed to'.","Noun 1 + にひきかえ + Noun 2 + は","彼の親切さにひきかえ、彼女は無感情だ。","Kare no shinsetsusa ni hikikae, kanojo wa mukanjou da.","In contrast to his kindness, she is emotionless.","JLPT N1"
"Noun にもまして (〜ni mo mashite)","This expresses 'Even more than; exceeding'.","Noun + にもまして","私は彼にもまして、音楽を愛しています。","Watashi wa kare ni mo mashite, ongaku o aishiteimasu.","I love music even more than he does.","JLPT N1"
"Noun によらず (～ni yorazu)","Regardless of, irrespective of.","Noun + によらず","結果は勉強時間によらず変わらないでしょう。","Kekka wa benkyou jikan ni yorazu kawaranai deshou.","The result will not change regardless of the study time.","JLPT N1"
"Noun に先駆けて (〜ni saki gakete)","Meaning 'ahead of', 'before', or 'preceding in time'.","Noun + に先駆けて","この映画は日本に先駆けて、アメリカで公開されました。","Kono eiga wa Nippon ni saki gakete, Amerika de koukai saremashita.","This film was released in America ahead of Japan.","JLPT N1"
"Noun に即した Noun (A ni sokushita B)","Expresses the idea of 'in accordance with', 'based on'.","Noun1 + に即した + Noun2","社会のニーズに即した教育改革が必要だ。","shakai no nīzu ni sokushita kyouiku kaikaku ga hitsuyou da.","We need an educational reform that is in accordance with the needs of society.","JLPT N1"
"Noun に即して Verb (〜ni soku shite ~)","The grammar point Noun に即して Verb is used to mean 'to act in accordance with', 'in line with' or 'based on'.","Noun + に即して + Verb","会社のポリシーに即して行動しましょう。","Kaisha no porishi ni soku shite koudo shimashou.","Let's act in accordance with the company's policy.","JLPT N1"
"Noun に言わせれば (Noun ni iwasereba)","Expresses 'according to', 'if you ask', 'in the opinion of'.","Noun + に言わせれば","先生に言わせれば、毎日勉強することが重要だと言う。","Sensei ni iwasereba, mainichi benkyou suru koto ga juuyou da to iu.","According to the teacher, it's important to study every day.","JLPT N1"
"Noun に限ったことではない (〜ni kagitta koto dewa nai)","Indicates that something is not only limited to; 'not only', 'not just'.","Noun + に限ったことではない","この問題は日本に限ったことではない。","Kono mondai wa Nihon ni kagitta koto dewa nai.","This issue is not only limited to Japan.","JLPT N1"
"Noun に限ったことでもない (~ ni kagitta koto demo nai)","'Not limited to'; 'not just', 'not exclusively'.","Noun + に限ったことでもない","この試験が難しいのは、数学に限ったことでもない。","Kono shiken ga muzukashii no wa, suugaku ni kagitta koto demo nai.","The exam being difficult is not limited to just math.","JLPT N1"
"Noun に限る (~ni kagiru)","Expresses the idea that 'nothing but', 'nothing is better than'.","Noun + に限る","こういう時には家族に話すに限る。","Kou iu toki ni wa kazoku ni hanasu ni kagiru.","At times like this, there's nothing better than talking to your family.","JLPT N1"
"Noun ぬいた Noun (A nuita B)","Expresses the idea of 'taking something out from something else'.","Noun1 + をぬいた + Noun2","このサラダはにんじんをぬいたサラダです。","Kono sarada wa ninjin o nuita sarada desu.","This is a salad with the carrots removed.","JLPT N1"
"Noun + ぬいて（~nuite)","This is a way to express 'minus' or 'except for' some specific noun.","Noun + ぬいて","私たちは、彼ぬいて全員が集まることができました。","Watashitachi wa, kare nuite zen'in ga atsumaru koto ga dekimashita.","We were able to gather everyone except for him.","JLPT N1"
"～ぬく (~nuku)","Expresses the concept of doing something completely or thoroughly.","Verb-stem + ぬく","彼は一日中本を読みぬく。","Kare wa ichinichijuu hon o yominuku.","He will read the book all day long.","JLPT N1"
"Noun+のいかんだ (Noun no ikan da)","Depends on; up to","Noun + のいかんだ/Noun + のいかんでは","彼が来るのいかんで決めよう。","Kare ga kuru no ikan de kimeyou.","Let's decide depending on whether he comes or not.","JLPT N1"
"Noun のいかんでは (Noun no ikan de wa)","It depends on the Noun","Noun + のいかんでは","試験の結果のいかんでは、大学の入学許可を得られるかどうかが決まります。","Shiken no kekka no ikan dewa, daigaku no nyuugaku kyoka o erareru ka douka ga kimarimasu.","Whether you can get permission to enter university depends on the result of the exam.","JLPT N1"
"Noun のいかんにかかわらず (Noun no ikan ni kakawarazu)","Regardless of, irrespective of.","Noun + のいかんにかかわらず","結果のいかんにかかわらず、彼は決定を後悔しなかった。","Kekka no ikan ni kakawarazu, kare wa kettei wo koukai shinakatta.","Regardless of the outcome, he didn't regret his decision.","JLPT N1"
"Noun のいかんによっては (Noun no ikan ni yotte wa)","Depending on the matter; depending on noun","Noun + のいかんによっては","天気のいかんによっては、ピクニックを延期しましょう。","Tenki no ikan ni yotte wa, pikunikku o enki shimashou.","Depending on the weather, we should postpone the picnic.","JLPT N1"
"Noun のいかんによらず (~ no ikan ni yorazu)","Means 'regardless of', 'irrespective of', or 'no matter'","Noun + のいかんによらず","試験の結果のいかんによらず、自分を信じ続けてください。","Shiken no kekka no ikan ni yorazu, jibun o shinji tsudzukete kudasai.","Regardless of the test results, keep believing in yourself.","JLPT N1"
"Noun のごとき Noun (A no gotoki B)","Expresses 'like' or 'as if'; something/someone resembles much to something else","Noun1 + のごとき + Noun2","彼は神のごとき存在だ。","Kare wa kami no gotoki sonzai da.","He is an existence like a god.","JLPT N1"
"Noun のことだから (〜no koto dakara)","Because it is about ~, considering it's ~","Noun + のことだから","彼のことだから、きっと大丈夫だと思う。","Kare no koto dakara, kitto daijoubu da to omou.","Because it's him, I think it will certainly be fine.","JLPT N1"
"Noun の 嫌いがある (Noun no kirai ga aru)","Have a dislike for a particular Noun","Noun + の嫌いがある","彼は魚の嫌いがあるので、寿司を食べません。","Kare wa sakana no kirai ga aru node, sushi o tabemasen.","He has a dislike for fish, so he doesn't eat sushi.","JLPT N1"
"Noun の手前 (~no temae)","Expresses the idea of 'Before doing action; on the verge of'.","Noun + の手前","試験の手前、遊びに行くのは止めた方がいい","Shiken no temae, asobi ni iku no wa yameta hou ga ii.","Just before the exam, it's better to stop going to play.","JLPT N1"
"Noun の極み (〜no kiwami)","Used to express the extreme or utmost point of something.","Noun + の極み","彼の料理の極みは、誰もマネできない。","Kare no ryouri no kiwami wa, daremo mane dekinai.","The pinnacle of his cooking, nobody can imitate.","JLPT N1"
"Noun の 至り (~no itari)","Expresses the highest degree of something, 'the height of', 'the extreme of'.","Noun + の至り","彼の冗談には驚きの至りだ。","Kare no joudan ni wa odoroki no itari da.","His jokes are the height of surprise.","JLPT N1"
"Noun はいざ知らず (~ wa iza shirazu)","Used to express that it's understood why 'A' would be the case but not 'B'. It's like saying 'Well, I can understand it for A, but for B...?'","Noun + はいざ知らず, Noun + だけど/しかし/とは言え","彼が遅れるのはいざ知らず、彼女まで遅刻するとは意外だ。","Kare ga okureru no wa iza shirazu, kanojo made chikoku suru towa igai da.","Well, I can understand him being late, but even her...? That's surprising.","JLPT N1"
"Noun は おろか～すら (Noun wa oroka ～sura)","Expresses the meaning of 'not to mention ~, even ~'.","Noun1 はおろか, Noun2 すら/さえ","彼は走るはおろか、速く歩くことすらできない。","Kare wa hashiru wa oroka, hayaku aruku koto sura dekinai.","He can't even walk fast, let alone run.","JLPT N1"
"Noun はおろか～まで (~wa oroka ~made)","Even; not to mention; let alone","Noun1 + はおろか + Noun2 + まで","彼は英語はおろか、日本語までペラペラなんです。","Kare wa eigo wa oroka, nihongo made perapera nan desu.","He is not just fluent in English, but even in Japanese.","JLPT N1"
"Noun はおろか～も (Noun wa oroka ～ mo)","'Not only...but also', 'not to mention', 'to say nothing of'","Noun + はおろか + Noun + も","絵を描くことはおろか、字さえ書けない。","E wo kaku koto wa oroka, ji sae kakenai.","He can't even write, let alone draw.","JLPT N1"
"Noun はさておき (~ wa sateoki)","Means 'putting aside', 'aside from', 'notwithstanding'.","Noun + はさておき","試験の結果はさておき、この学期はとても学ぶことが多かった。","Shiken no kekka wa sateoki, kono gakki wa totemo manabu koto ga ookatta.","Aside from the exam results, I learned a lot this semester.","JLPT N1"
"Noun + はどうであれ (~ wa dou de are)","This phrase means 'regardless of' or 'no matter how…'. It is used to express the idea that 'whatever the state or condition of the noun, we should not care'.","Noun + はどうであれ","天候はどうであれ、試合は行われます。","Tenkou wa dou de are, shiai wa okonawaremasu.","No matter what the weather is, the match will be held.","JLPT N1"
"Noun まみれ (~mamire)","Used to express a state in which something is entirely covered, smeared, or filled with something else.","Noun + まみれ","彼は泥まみれになって帰ってきた。","Kare wa doro mamire ni natte kaette kita.","He returned home covered in mud.","JLPT N1"
"Noun もさることながら Noun も (A mo saru koto nagara B mo)","Meaning 'not only... but also'. Expresses that both Nouns are true or notable, but the second is particularly emphasized.","Noun1 + もさることながら + Noun2 + も","彼の歌唱力もさることながら、ダンスも素晴らしい。","Kare no kashou-ryoku mo saru koto nagara, dansu mo subarashii.","Not only his singing ability but also his dancing is wonderful.","JLPT N1"
"Noun も兼ねて (~mo kane te)","Used to express 'as well as', 'also', 'at the same time'.","Noun + も兼ねて","散歩も兼ねて、公園に行きました。","Sanpo mo kanete, kouen ni ikimashita.","I went to the park, also for a walk.","JLPT N1"
"Noun も相まって (~mo aimatte)","Used to express that combined with something else, it caused a certain outcome","Noun + も相まって","気候も相まって、この地域は農業に適しています。","Kikou mo aimatte, kono chiiki wa nougyou ni tekishiteimasu.","Combined with the climate, this area is suitable for agriculture.","JLPT N1"
"Noun を おいて他に Verb ない (〜wo oite hoka ni〜nai)","This grammar point means 'apart from ~ there's nothing else', implying the Noun is the best or most suitable choice.","Noun + をおいて他に + Verb negative form","この仕事を彼に任せる人をおいて他にいない。","Kono shigoto wo kare ni makaseru hito wo oite hoka ni inai.","Apart from him, there's no one else to entrust this job to.","JLPT N1"
"Noun をもって (~wo motte)","Used to indicate means, methods, or time; 'with', 'by means of', 'at'.","Noun + をもって","彼は誠実さをもって人々に信頼されています。","Kare wa seijitsusa wo motte hitobito ni shinrai sarete imasu.","He is trusted by people with his honesty.","JLPT N1"
"Noun をものともせずに (Noun wo mono tomo sezu ni)","Expresses the idea that 'despite something, action was carried out', simply translating to 'without being phased by something'.","Noun + をものともせずに","彼女は怖さをものともせずに、暗闇の中へ進んで行った。","Kanojo wa kowasa wo mono tomo sezu ni, kurayami no naka e susunde itta.","Despite her fear, she went ahead into the darkness.","JLPT N1"
"Noun をよそに (~wo yoso ni)","Despite; Notwithstanding; Regardless of","Noun + をよそに","経済危機をよそに、彼は高級な車を買った。","Keizai kiki wo yoso ni, kare wa koukyuu na kuruma wo katta.","Despite the economic crisis, he bought a luxury car.","JLPT N1"
"Noun を余儀なくされる (Noun wo yogi naku sareru)","Expresses the idea of being forced into a certain situation, 'to be compelled', 'to be obliged'.","Noun + を + 余儀なくされる","彼は経済的困難により、退学を余儀なくされた。","Kare wa keizai-teki konnan ni yori, taigaku wo yogi naku saremashita.","Due to financial difficulties, he was forced to drop out of school.","JLPT N1"
"Noun を前提として (Noun wo zentei toshite)","Use to express 'on the assumption of', 'based on'.","Noun + を前提として","成功を前提として、ビジネスプランを作成しました。","Seikou wo zentei toshite, bijinesu puran wo sakusei shimashita.","We made a business plan on the assumption of success.","JLPT N1"
"Noun を前提にして (Noun wo zentei ni shite)","Assuming; presupposing; on the assumption of.","Noun + を前提にして","好天を前提にして、明日のピクニックの計画を立てました。","Kouten wo zentei ni shite, ashita no pikunikku no keikaku wo tatemashita.","We planned tomorrow's picnic assuming fine weather.","JLPT N1"
"Noun を境にして (Noun wo sakai ni shite)","Means 'as a turning point of'; 'since (time)'; 'from (time) on'","Noun + を境に(して)","父の死を境にして、彼の性格が一変した。","Chichi no shi wo sakai ni shite, kare no seikaku ga ippen shita.","His personality changed completely since his father's death.","JLPT N1"
"Noun を機にして (~wo ki ni shite)","To take the opportunity to, taking the occasion to, on the occasion of.","Noun + を機にして","引っ越しを機にして、家具を新しくしました。","Hikkoshi wo ki ni shite, kagu wo atarashiku shimashita","I took the opportunity of moving to get new furniture.","JLPT N1"
"Noun を皮切りに / を皮切りにして (Noun wo kakikiri ni / wo kawakiri ni shite)","Used to indicate the starting point of some series of events or actions; 'starting with', 'beginning with'.","Noun + を皮切りに / を皮切りにして","彼はその論文を皮切りにして複数の研究を開始した。","Kare wa sono ronbun wo kakikiri ni shite fukusu no kenkyu wo kaishi shita.","Starting with that thesis, he started multiple research projects.","JLPT N1"
"Noun を皮切りにして (Noun wo kawakiri ni shite)","Used to express 'Starting with', 'Beginning with'","Noun + を皮切りに (して)","彼はその日を皮切りにして毎日ジムに通い始めました。","Kare wa sono hi wo kawakiri ni shite mainichi gym ni kayoi hajimemashita.","Starting from that day, he began to go to the gym every day.","JLPT N1"
"Noun を禁じ得ない (〜wo kinjienai)","'Cannot help but do', or 'inevitable'","Noun + を禁じ得ない","この結果には驚きを禁じ得ない。","Kono kekka ni wa odoroki wo kinjienai.","I can't help but be surprised at this result.","JLPT N1"
"Noun を経て (〜wo hete)","Expresses the idea of 'through' or 'via'; going through some process or phase.","Noun + を経て","彼は苦労を経て成功を手に入れた。","Kare wa kurou wo hete seikou wo te ni ireta.","He achieved success through hardships.","JLPT N1"
"Noun を踏まえて (〜wo fumaete)","Based on; taking into account; in light of","Noun + を踏まえて","過去の結果を踏まえて、新たな計画を立てました。","Kako no kekka wo fumaete, aratana keikaku wo tatemashita.","Based on the previous results, we have made a new plan.","JLPT N1"
"Noun を限りに (Noun wo kagiri ni)","Expresses the idea of 'as of', 'with' or 'from', indicating the end of something or a point of change.","Noun + を限りに","今年度を限りに、この大学での教授活動を終えるつもりです。","Kotoshido wo kagiri ni, kono daigaku de no kyouju katsudou wo oeru tsumori desu.","I intend to end my teaching activities at this university as of this academic year.","JLPT N1"
"Noun 並み (~nami)","Indicates 'like' or 'as' something or someone; 'equivalent to', 'around'.","Noun + 並み","彼はプロのボクサー並みの力を持っています。","Kare wa puro no bokusa- nami no chikara o motte imasu.","He has power equivalent to a professional boxer.","JLPT N1"
"Noun + 前提で（~zentei de)","Expresses the condition or requirement for something to be established; 'on the assumption that', 'under the condition of'.","Noun + 前提で","説明できる英語力がある前提で、この仕事を引き受けてください。","Setsumei dekiru eigo-ryoku ga aru zentei de, kono shigoto o hikiuketekudasai.","Please accept this job on the assumption that you have English skills to explain.","JLPT N1"
"Noun 限りで (~ kagiri de)","As long as; for the duration; while","Noun + 限りで","私が生きている限りで、あなたを支えます。","Watashi ga ikite iru kagiri de, anata wo sasaemasu.","As long as I'm alive, I will support you.","JLPT N1"
"Verb がてら (~ gatera)","Expresses doing something while doing another; 'while', 'on the occasion of'.","Verb-casual + がてら","散歩がてらに郵便局へ行った。","Sanpo gatera ni yuubinkyoku e itta.","I went to the post office while taking a walk.","JLPT N1"
"Verb こそすれ (~koso sure)","Expresses 'the extent or degree of doing something is so much that...' or 'does enough to...'","Verb-ます stem + こそすれ","彼は友達を助けることこそすれ、自分を卑下することはありません。","Kare wa tomodachi o tasukeru koto koso sure, jibun o hika suru koto wa arimasen.","He does enough to help his friends but he never belittles himself.","JLPT N1"
"Verb させられる (~saserareru)","Expresses 'being forced to do something' or 'being made to do something'.","Verb-casual(non-past)+させられる","彼に無理やり飲ませられた。","Kare ni muriyari nomasaserareta.","He forced me to drink against my will.","JLPT N1"
"Verb ざるを得ない (~ zaru wo enai)","'Cannot but', 'have no choice but to', 'forced to'","Verb-dictionary form + ざるを得ない","この仕事が嫌ならもう辞めざるを得ない。","Kono shigoto ga iya nara mou yamezaru o enai.","If you hate this job, you have no choice but to quit.","JLPT N1"
"Verb ずじまい (~zu jimai)","Expressing regret for not having done something; not being able to; not having the chance to.","Verb-ない form (remove ない） + ずじまい","日本へ来て、一度も富士山を見ることなく帰国せずじまいだ。","Nihon e kite, ichido mo Fuji-san o miru koto naku kikoku sezu jimai da.","I came to Japan but ended up going home without ever getting to see Mt. Fuji.","JLPT N1"
"Verb ずとも (〜zu tomo)","This structure is used to mean 'Even without doing (an action), (an action) is still achievable'.","Verb-negative stem + ずとも","朝ごはんを食べずとも、働くことができます。","Asagohan wo tabezu tomo, hataraku koto ga dekimasu.","Even without eating breakfast, I can work.","JLPT N1"
"Verb ずにはおかない (~zuni wa okanai)","Expresses the idea of 'cannot help but...', 'cannot leave it as it is' or 'must do something'.","Verb-dictionary form + ずにはおかない","彼が困っていると聞いたら、助けずにはおかない。","Kare ga komatte iru to kitta, tasukezuni wa okanai.","If I hear that he is in trouble, I cannot help but assist him.","JLPT N1"
"Verb ずにはすまない (Verb zuni wa sumanai)","'Cannot do without', 'have to', 'unavoidable'.","Verb-ないform(remove ない) + ずにはすまない","この問題を解決しないと、社会全体が影響を受けるので、解決せずにはすまない。","Kono mondai o kaiketsu shinauto, shakai zentai ga eikyou o ukeru node, kaiketsu sezu niwa sumanai.","Since this issue will affect the entire society if not resolved, we cannot do without resolving it.","JLPT N1"
"Verb そうにない (Verb sou ni nai)","Expresses unlikelihood or that something is not likely to happen.","Verb-stem + そうにない","彼はそんなに早く走るそうにない。","Kare wa sonna ni hayaku hashiru sou ni nai.","He doesn't seem likely to run that fast.","JLPT N1"
"Verb そうもない (〜sou monai)","Expresses the negative potential; 'it doesn't seem like', 'it's not likely'.","Verb-volitional form + そうもない","今日中に仕事を終えるそうもない。","Kyoujuu ni shigoto o oeru sou monai.","It doesn't seem like I'll finish the work today.","JLPT N1"
"Verb そばから (〜soba kara)","Expresses the notion that as soon as one action finishes, another begins.","Verb-ますstem + そばから","掃除をするそばから子供たちが散らかす。","Souji wo suru soba kara kodomo-tachi ga chirakasu.","As soon as I clean, the kids mess it up.","JLPT N1"
"Verb たが最後 (〜ta ga saigo)","Expression used to denote the idea that 'once something has occurred, it is final'; 'once', 'as soon as', 'the moment'.","Verb-casual, past (た form) + が最後","彼が一度怒ったが最後、誰も彼を止めることはできません。","Kare ga ichido okotta ga saigo, dare mo kare o tomeru koto wa dekimasen.","Once he gets angry, no one can stop him.","JLPT N1"
"Verb たことにしてください (~ ta koto ni shite kudasai)","Asking someone to pretend or accept that something has already happened or taken a certain state.","Verb(past, casual) + ことにしてください","昨日のことは忘れたことにしてください。","Kinou no koto wa wasureta koto ni shite kudasai.","Please act as if you have forgotten about yesterday.","JLPT N1"
"Verb たら Verb たで (~ tara ~ tade)","Expresses the sequence of actions; 'after doing..., did...'.","Verb(たform) + ら + Verb(たform) + で","彼と話したら、思ってたのと全然違う人だったで。","Kare to hanashitara, omotteta no to zenzen chigau hito datta de.","After talking to him, he was different from the person I had thought.","JLPT N1"
"Verb たら きりがない (Verb tara kiri ga nai)","Represents an endless cycle of doing something; 'if one starts doing something, it will not stop'","Verb-た form + きりがない","このエンジンを修理すれば、また壊れて、また修理すれば、きりがない。","Kono enjin o shuuri sureba, mata kowarete, mata shuuri sureba, kiri ga nai.","If I fix this engine and then it breaks again and I fix it again, it will never end.","JLPT N1"
"Verb たら最後 (〜tara saigo)","Expresses that once a certain action happens, a situation changes irreversibly; 'once', 'after'.","Verb-た form + 最後","このゲームを始めたら最後、時間の経つのを忘れてしまいます。","Kono geemu wo hajimetara saigo, jikan no tatsu no wo wasurete shimaimasu.","Once you start this game, you lose track of time.","JLPT N1"
"Verb つ Verb つ (Verb tsu Verb tsu)","Expresses a series of actions happening repeatedly one after another.","Verb-stem(masu-form) + つ  + same Verb-stem(masu-form) + つ","朝から晩まで働きつ勉強つで疲れてしまった。","Asa kara ban made hataraki tsu benkyou tsu de tsukarete shimatta.","I'm exhausted from working and studying from morning till night.","JLPT N1"
"Verb てからというもの (Verb te kara to iu mono)","Expresses a change that has been consistent since a certain time or event.","Verb-てform + からというもの","彼女と別れてからというもの、一人で過ごす時間が増えました。","Kanojo to wakarete kara toiu mono, hitori de sugosu jikan ga fuetamashita.","Since breaking up with her, the time I spend alone has increased.","JLPT N1"
"Verb てこそ (Verb te koso)","Express the idea that 'only by doing something, something else can be achieved or realized.'","Verb-て form + こそ","実際に使ってこそ、その価値を理解できる。","Jissai ni tsukatte koso, sono kachi wo rikai dekiru.","You can understand its value only by actually using it.","JLPT N1"
"Verb ては (～te wa)","Expresses a repeated negative event; 'whenever', 'the more...the more'.","Verb-てform + は","彼女に会うたびに、私は緊張してしまいます。","Kanojo ni au tabi ni, watashi wa kinchou shite shimaimasu.","Whenever I meet her, I get nervous.","JLPT N1"
"Verb ては Verb (~ te wa ~)","Used to express a repeated pattern of action, commonly translating into English as 'every time' or 'whenever'.","Verb-て form + は + Verb","私が通勤しては、電子書籍を読んでいます。","Watashi ga tsuukin shite wa, denshi shoseki o yonde imasu.","Whenever I commute, I read e-books.","JLPT N1"
"Verb てまでも (~ temademo)","Expresses the idea of 'even if it means....'; 'no matter what it takes'","Verb-て form + までも","試験に合格するために、寝る時間を削ってまでも勉強します。","Shiken ni goukaku suru tame ni, neru jikan o kezutte mademo benkyou shimasu.","In order to pass the exam, I will study even if it means cutting down on sleep.","JLPT N1"
"Verb てみせる (Verb te miseru)","Expresses 'show by doing', 'demonstrate', 'prove by action'.","Verb-te form + みせる","彼はそのパズルを解いてみせた。","Kare wa sono pazuru o toite miseta.","He solved the puzzle to show me.","JLPT N1"
"Verb てやまない (Verb te yamanai)","To express the idea of 'doing something incessantly', 'can't help but do'.","Verb-te form + やまない","私は母を思ってやまない。","Watashi wa haha o omotte yamanai.","I can't help but think about my mother.","JLPT N1"
"Verb ないではおかない (~ nai de wa okanai)","Used to indicate that something definitely happens as a result or a consequence of a certain action.","Verb-ない form + ではおかない","彼女は毎回遅刻をしては、先生に怒られないではおかない。","Kanojo wa maikai chikoku o shite wa, sensei ni okorarenai dewa okanai.","Every time she's late, she wouldn't fail to get scolded by the teacher.","JLPT N1"
"Verb ないではすまない (Verb nai dewa sumanai)","Express a condition that 'cannot end without doing', 'must do no matter what', or 'cannot help but do'.","Verb-negative form + ではすまない","失敗をしたら、謝らないではすまない。","Shippai o shitara, ayamaranai dewa sumanai.","If you make a mistake, you cannot end without apologizing.","JLPT N1"
"Verb ないまでも (Verb nai made mo)","Even if not completely; at least","Verb-ない form + までも","全てを理解しないまでも、少なくとも基本的なことは分かればいい。","Subete wo rikai shinai made mo, sukunakutomo kihon tekina koto wa wakareba ii.","Even if you don't understand everything, at least as long as you understand the basics.","JLPT N1"
"Verb ないものだろうか (Verb nai mono darou ka)","Expressing the desire or inquisition; 'Can't I/you/we', 'Shouldn't I/you/we'.","Verb-casual + ないものだろうか","もっと時間があれば、ここに来るないものだろうか。","Motto jikan ga areba, koko ni kuru nai mono darou ka.","If I had more time, wouldn't it be possible to come here?","JLPT N1"
"Verb ないものでもない (Verb nai mono demo nai)","Expresses the idea that 'it's not that I don't...'; 'it's not that there aren't...'","Verb-negative form (ない form) + ものでもない","旅行に行きたいと思うこともないものでもない。","Ryokou ni ikitai to omou koto mo nai mono demo nai.","It's not that I don't ever want to travel.","JLPT N1"
"Verb の ない Noun (~ no nai ~)","Used to modify a noun with a negative verb form; 'Noun where verb does not happen'.","Verb in negative form + の + Noun","笑いのない人生は、つまらない。","Warai no nai jinsei wa, tsumaranai.","A life without laughter is boring.","JLPT N1"
"Verb ば きり が ない (〜ba kiri ga nai)","Used to indicate an absence of any limit or end, expressing 'if one starts to …, there will be no end to it'.","Verb-conditional form + ば + きりがない","彼のことを考えれば考えるほど、頭が痛くなるばかりだ。","Kare no koto o kangaereba kangaeru hodo, atama ga itaku naru bakari da.","The more I think about him, the more my head hurts.","JLPT N1"
"Verb もしないで (~ mo shinai de)","Meaning: 'without even doing'.","Verb-dictionary form + もしないで","調べもしないで、答えを書きました。","Shirabe mo shinai de, kotae wo kakimashita.","I wrote the answer without even investigating.","JLPT N1"
"Verb やしない (~yashinai)","Expresses the idea of 'not doing such things', 'no way', or strong denial.","Verb-dictionary form + やしない","こんな時に泣きやしない。","Konna toki ni nakiyashinai.","I would never cry at a time like this.","JLPT N1"
"Verb よう (~ you)","The means to do something or the way something is done.","Verb-て form + よう","この問題を解くように努力します。","Kono mondai wo toku you ni doryoku shimasu.","I will try to solve this problem.","JLPT N1"
"Verb ようか Verbる まいか (Verb you ka Verb ru mai ka)","Expresses hesitation or indecision between two actions; 'whether to' or 'should I or not'.","Verb-volitional + か + Verb-nonpast negative + か","彼に話すべきようか話さぬべきか、本当に迷っている。","Kare ni hanasu beki you ka hanasanu beki ka, hontou ni mayotte iru.","I'm really unsure whether I should talk to him or not.","JLPT N1"
"Verb ようが Verb るまいが (Verb you ga Verb ru mai ga)","Expresses the sense of 'whether...or', 'no matter whether... or not'.","Verb-volitional form + が + Verb-negative volitional form + が","彼が来ようが来るまいが、パーティーは始まります。","Kare ga koyou ga kurumai ga, paatii wa hajimarimasu.","Whether he comes or not, the party will start.","JLPT N1"
"Verb ようがない (〜yō ga nai)","No way to do something. Not possible.","Verb-volitional + ようがない","電車が混んでいて、動くようがない。","Densha ga konde ite, ugoku yō ga nai.","The train is so crowded that I can't move.","JLPT N1"
"Verb ようと Verbる まいと (Verb you to Verb ru mai to)","This structure indicates that regardless if one does verb 1 or not (verb 2), the outcome remains the same.","Verb-volitional form + ようと + Verb-negative form + まいと","あなたが来ようと来るまいと、パーティーは予定通りに始まります。","Anata ga koyou to kuru mai to, paatii wa yoteidouri ni hajimarimasu.","Whether you come or not, the party will start as scheduled.","JLPT N1"
"Verb ようにも (〜you ni mo)","Used to express something that cannot be done even though one wants to.","Verb-volitional form + ようにも","もう少し速く走ろうにも、足が痛くて無理だ。","Mou sukoshi hayaku hashirou ni mo, ashi ga itakute muri da.","I would like to run a little faster, but I can't because my leg hurts.","JLPT N1"
"Verb ようにも Verb れない (〜you ni mo 〜renai)","Expresses the inability to do something even if one wants to","Verb-potential + ようにも + Verb-potential negative form","彼を信じようにも信じられない証拠がある。","Kare o shinjiyou ni mo shinjirarenai shouko ga aru.","There is evidence that makes it impossible to believe him, even if I want to believe him.","JLPT N1"
"Verb ようもない (~you mo nai)","Expresses that something is impossible to do.","Verb-potential form-(removeい)+う + もない","この問題を解くようもない。","Kono mondai o toku you mo nai.","It's impossible to solve this problem.","JLPT N1"
"Verbる がままに (〜ga mama ni)","Expresses the idea of 'Just as...is/does'; 'while', 'as...follows'.","Verb-dictionary form + がままに","窓を開けたままに、風が部屋に入ってきました。","Mado o aketa mama ni, kaze ga heya ni haitte kimashita.","With the window left open, the wind came into the room.","JLPT N1"
"Verbる が早いか (verb-ru ga hayai ka)","Express 'as soon as' or 'the moment when'.","Verb [ます stem] + が早いか","部屋に入るが早いか、彼はテレビをつけた。","Heya ni hairu ga hayai ka, kare wa terebi o tsuketa.","The moment he entered the room, he turned on the TV.","JLPT N1"
"Verbる くらいなら (〜ru kurai nara)","Expresses preference to avoid something; 'rather than', 'if it comes to', 'if it's as...as.'","Verb-dictionary form + くらいなら","一人で行くくらいなら、家にいるほうがましです。","Hitori de iku kurai nara, ie ni iru hou ga mashi desu.","I would rather stay at home than go alone.","JLPT N1"
"Verbる こと なし に (Verb-ru koto nashi ni)","Used to express the meaning 'without doing'.","Verb-dictionary form + ことなしに","試験を勉強することなしに合格しました。","Shiken wo benkyou suru koto nashi ni goukaku shimashita.","I passed the exam without studying.","JLPT N1"
"Verbる ことのないように (Verb-ru koto no nai you ni)","Expresses the desire to avoid or prevent a certain action; 'so as not to', 'to avoid'.","Verb-る + ことのないように","車をなくすことのないように、駐車場に車をロックしましょう。","Kuruma wo nakusu koto no nai you ni, chuushajou ni kuruma wo rokku shimashou.","In order not to lose the car, let's lock it at the parking lot.","JLPT N1"
"Verbる ときりがない (verb-ru to kiri ga nai)","Used to indicate that something can go on endlessly or without limits","Verb-casual + ときりがない","彼の悪口を言うときりがない。","Kare no waruguchi o iu to kiri ga nai.","If we start talking about his faults, there's no end.","JLPT N1"
"Verbる ともなく Verb (Verb-ru tomonaku Verb)","Used to express 'without a particular intention', 'unconsciously', 'before one knows'.","Verb-dictionary form + ともなく + Verb","遠くを見るともなく窓の外を眺めた。","Tooku o miru tomonaku mado no soto o nagameta.","I found myself gazing out the window, not really looking at anything in particular.","JLPT N1"
"Verbる ともなしに Verb (Verb-ru tomonashi ni Verb)","This phrase is used to express doing something unintentionally or without conscious thought.","Verb-dictionary + ともなしに + Verb","本を読むともなしに眠ってしまった。","Hon o yomu tomonashi ni nemutte shimatta.","I ended up falling asleep while reading the book without really meaning to.","JLPT N1"
"Verbる なり (Verb-ru nari)","Expresses the idea of 'as soon as; the moment'.","Verb-dictionary form + なり","家に帰るなり、すぐに寝た。","Ie ni kaeru nari, sugu ni neta.","As soon as I got home, I went to bed.","JLPT N1"
"Verbる にとどまらず～も (Verb-ru ni todomarazu ~ mo)","Expresses the concept of not only doing verb but also something more; 'not limited to', 'not only... but also'.","Verb-dictionary form + にとどまらず + extra action or outcome","彼は仕事にとどまらず、ボランティア活動もしている。","Kare wa shigoto ni todomarazu, borantia katsudou mo shite iru.","He is not only working but also doing volunteer activities.","JLPT N1"
"Verbる にはあたらない (Verb-ru ni wa ataranai)","Used for saying 'it is not necessary to', 'there is no need to'.","Verbます-stem + にはあたらない","パニックに陥るにはあたらない。","Panikku ni ochiiru niwa ataranai.","There is no need to panic.","JLPT N1"
"Verbる にも (Verb-ru ni mo)","The action described by the verb is deemed impossible.","Verb-る + にも","明日雨が降ったとしても、傘を持つことにもできない。","Ashita ame ga futta to shite mo, kasa wo motsu koto ni mo dekinai.","Even if it rains tomorrow, I won't be able to bring an umbrella.","JLPT N1"
"Verbる にも Verb れない (Verbる にも Verb れない)","Expresses the idea of 'even if I try or want to do something, I am still unable to do it'.","Verb-potential form + にも + Verb-negative form","彼を理解しようにも理解できない。","Kare wo rikai shiyou ni mo rikai dekinai.","Even if I try to understand him, I can't.","JLPT N1"
"Verbる べからざる Noun (Verb-ru bekara zaru Noun)","Used to express what should not be done; 'must not', 'should not'.","Verb-dictionary form + べからざる + noun","人を裏切るべからざる行為だ。","Hito o uragiru bekara zaru koui da.","Betraying people is an act that should not be done.","JLPT N1"
"Verbる べからず (〜ru bekara zu)","Expresses the idea of 'must not do' or 'should not do'.","Verb-ru + べからず","嘘をつくべからず。","Uso wo tsuku bekara zu.","One must not tell lies.","JLPT N1"
"Verbる べく (Verb-ru beku)","Expresses the meaning of 'in order to', 'for the purpose of'.","Verb-dictionary form + るべく","成功するべく、日々努力しています。","Seikou suru beku, hibi doryoku shiteimasu.","In order to succeed, I am working hard every day.","JLPT N1"
"Verbる べくもない (Verb-ru beku mo nai)","Means 'it's impossible to...' or 'there's no way to...'","Verb-dictionary form + べくもない","その問題はとても難しく、解くべくもない。","Sono mondai wa totemo muzukashiku, toku beku mo nai.","That problem is so difficult, it's impossible to solve.","JLPT N1"
"Verbる までもない (〜ru made mo nai)","It's not necessary to the extent of; no need to.","Verb-る + までもない","そんなに心配するまでもない。","Sonna ni shinpai suru made mo nai.","There's no need to worry that much.","JLPT N1"
"Verbる ものとする (〜ru mono to suru)","Assuming or deciding something as...","Verb-dictionary form + ものとする","ここでの話し合いは秘密とするものとします。","Koko de no hanashiai wa himitsu to suru mono to shimasu.","The discussions here are to be kept confidential.","JLPT N1"
"Verbる や否や (verb-ru ya ina ya)","Expresses the idea of 'as soon as', 'the moment'.","Verb-dictionary form + や否や","彼女が家に帰るや否や、すぐにテレビをつけました。","Kanojo ga ie ni kaeru ya ina ya, sugu ni terebi o tsukemashita.","As soon as she returned home, she turned on the TV.","JLPT N1"
"Verbる 始末だ (〜ru shimatsu da)","Expresses the result or conclusion of an action, often with a negative or unfortunate outcome.","Verb-dictionary form + 始末だ","忘れてしまって、パスポートを家に置いてくる始末だった。","Wasurete shimatte, pasupooto wo ie ni okitekuru shimatsu datta.","I ended up leaving my passport at home because I forgot.","JLPT N1"
"Verbる 嫌いがある (～ru kirai ga aru)","Tendency to do a negative action; have a habit of.","Verb-dictionary form + 嫌いがある","彼女は遅刻する嫌いがある。","Kanojo wa chikoku suru kirai ga aru.","She has a tendency to be late.","JLPT N1"
"いつまで～のやら。。。 (itsumade ~ no yara)","Express uncertainty regarding duration; 'don't know when... will end'.","いつまで + Verb-てform + のやら","この試験勉強はいつまで続くのやら。","Kono shiken benkyou wa itsumade tsuzuku no yara.","I don't know when this exam study will end.","JLPT N1"
"～が Verb られる (〜ga Verb rareru)","Expresses potential or ability to do something; 'can', 'able to'.","Verb-ます stem + られる","彼がこの問題を解けると思いますか？","Kare ga kono mondai o tokeru to omoimasu ka?","Do you think he can solve this problem?","JLPT N1"
"～かと思いきや (〜ka to omoikiya)","Expressing unexpected outcomes; 'just when I thought', 'but'.","Sentence + かと思いきや, (Noun/ な-Adjective + だ/ い-Adjective/ Verb (past form) + かと思いきや)","明日は晴れるかと思いきや、まさかの雨が降った。","Ashita wa hareru ka to omoikiya, masaka no ame ga futta.","I thought it would be sunny tomorrow, but unexpectedly it rained.","JLPT N1"
"～がゆえに (～ga yue ni)","Expresses the reason or cause; 'because', 'due to', 'as a result of'.","Noun + がゆえに","愛情がゆえに、彼は彼女を許した。","Aijou ga yue ni, kare wa kanojo o yurushita.","Because of love, he forgave her.","JLPT N1"
"～がゆえの Noun (〜ga yue no Noun)","Expresses the reason or cause for something; 'because of', 'due to'.","Noun / Verb-dictionary form + がゆえの + Noun","愛がゆえの悲しみ。","Ai ga yue no kanashimi.","Sadness due to love.","JLPT N1"
"～から Noun に 至る まで (〜kara 〜ni itaru made)","Expressing range from one thing to another; 'from...to', 'ranging from...to'.","Noun[始点] + から + Noun[終点] + に至るまで","このバンドの曲は、青年から老人に至るまで、人々に愛されています。","Kono bando no kyoku wa, seinen kara roujin ni itaru made, hitobito ni aisarete imasu.","The songs of this band are loved by people, ranging from young to old.","JLPT N1"
"～ごとく (〜gotoku)","To seem like; as if; as though.","Verb-て + ごとく,  Noun + の + ごとく","彼は鳥のごとく飛んでいるように見えた。","Kare wa tori no gotoku tonde iru you ni mieta.","He looked as though he was flying like a bird.","JLPT N1"
"～こととて (〜koto tote)","Used to express the reason or premise for a decision or judgement; 'since', 'because'.","Verb-casual + こととて, Noun + の + こととて","彼は裁判を勝つために全資産を使うこととて、弁護士に頼んだ。","Kare wa saiban o katsu tame ni zenshisan o tsukau koto tote, bengoshi ni tanonda.","Since he is using all his assets to win the trial, he asked a lawyer.","JLPT N1"
"～ずにすんだ (〜zuni sunda)","Expresses the idea of 'was able to do without'; 'managed to avoid'.","Verb-ず form + に + すんだ","彼は事故を起こさずにすんだ。","Kare wa jiko o okosazu ni sunda.","He managed to avoid having an accident.","JLPT N1"
"～だろうとなかろうと (〜darou to nakarou to)","Expresses 'regardless of whether it is or isn't'.","Noun + だろうとなかろうと","試験が難しいだろうとなかろうと、全力で頑張ります。","Shiken ga muzukashii darou to nakarou to, zenryoku de ganbarimasu.","Regardless of whether the exam is difficult or not, I will do my best.","JLPT N1"
"～つもりだ (〜tsumori da)","Expresses the speaker's intention or plan.","Verb-dictionary form + つもりだ","明日は早く起きるつもりです。","Ashita wa hayaku okiru tsumori desu.","I plan to wake up early tomorrow.","JLPT N1"
"～つもりで (〜tsumori de)","Expresses the speaker's intention or plan; 'with the intention of', 'planning to'.","Verb-dictionary form + つもりで","私は日本に住むつもりで日本語を勉強しています。","Watashi wa Nihon ni sumu tsumori de Nihongo o benkyou shiteimasu.","I am studying Japanese with the intention of living in Japan.","JLPT N1"
"～ではすまない (〜dewa sumanai)","Expresses the speaker's strong feeling that just doing something is not enough or will not suffice.","Verb-dictionary form + ではすまない, い-adjective + ではすまない, な-adjective + ではすまない, Noun + ではすまない","ただ謝るではすまない。何か行動を取らなければならない。","Tada ayamaru dewa sumanai. Nanika koudou o toranakereba naranai.","Just apologizing will not suffice. Some action needs to be taken.","JLPT N1"
"～とあって (〜to atte)","Expresses a special situation or event due to certain circumstances.","Noun + とあって","春休みとあって、公園は子供たちでいっぱいだ。","Haruyasumi to atte, kouen wa kodomo-tachi de ippai da.","Because it's spring break, the park is full of children.","JLPT N1"
"～とあれば (〜to areba)","Express a condition; 'if', 'when', 'since'.","Verb-casual + とあれば, い-Adjective + とあれば,な-Adjective + だとあれば, Noun + だとあれば","無料とあれば、誰でも利用したいと思います。","Muryou to areba, dare demo riyou shitai to omoimasu.","If it's free, everyone would want to use it.","JLPT N1"
"～といえども (〜to iedomo)","Even if it is said that; Even though; Although","Noun + といえども, Verb-plain form + といえども","彼が天才といえども、ミスをすることはあります。","Kare ga tensai to iedomo, misu o suru koto wa arimasu.","Even though he is a genius, he makes mistakes.","JLPT N1"
"～といったらありはしない (〜to ittara ari wa shinai)","Express extreme exclamation; 'extremely', 'unbelievable', 'unsurpassed'.","Noun + といったらありはしない, な-Adjective + といったらありはしない","彼の英語の上手さといったらありはしない。","Kare no eigo no jouzusa to ittara ari wa shinai.","His English is unbelievably good.","JLPT N1"
"～といったらありゃしない (〜to ittara arya shinai)","Used to emphasise that something is to the extreme; 'you have no idea how...', 'it's incredibly...'.","Verb-casual + といったらありゃしない, い-Adjective + といったらありゃしない, な-Adjective + だといったらありゃしない, Noun + だといったらありゃしない","その店のラーメンは美味しいといったらありゃしない。","Sono mise no ramen wa oishii to ittara arya shinai.","You have no idea how delicious the ramen at that shop is.","JLPT N1"
"～といったらない。 (〜to ittara nai)","Expresses the extreme of something; 'nothing can be more ... than this'","i-Adjective + といったらない, な-Adjective + だといったらない, Noun + だといったらない","今日は寒いといったらない。","Kyou wa samui to ittara nai.","It's extremely cold today.","JLPT N1"
"～ときている (〜to kite iru)","Used to express that a situation is serious or extreme, often with a negative connotation.","Verb-casual, い-Adjective, な-Adjective +で + ときている, Noun + だ + ときている","仕事が忙しいときているから、オフィスでは集中できない。","Shigoto ga isogashii toki te iru kara, ofisu de wa shuuchuu dekinai.","With how busy work is, I can't concentrate in the office.","JLPT N1"
"～ところを (〜tokoro wo)","Expresses the concept of 'despite' or 'even though'.","Verb-てform + いる + ところを, Noun + の + ところを, い-Adjective + ところを, な-Adjective + な + ところを","見ているところを、急に停電になった。","Mite iru tokoro wo, kyuu ni teiden ni natta.","Even though I was watching, it suddenly blacked out.","JLPT N1"
"～とされる (〜to sareru)","Indicates a general belief or widely accepted view; often translated as 'is considered', 'is seen as', 'is said to be'.","Verb-casual + とされる, い-Adjective + とされる, な-Adjective + だとされる, Noun + だとされる","サッカーは世界で最も人気のあるスポーツとされています。","Sakkaa wa sekai de motto mo ninki no aru supootsu to sareteimasu.","Soccer is considered the most popular sport in the world.","JLPT N1"
"～としたところで (〜to shita tokoro de)","Even if; even though; even assuming","Verb-casual + としたところで, い-Adjective + としたところで,な-Adjective + だとしたところで, Noun + だとしたところで","彼が来るとしたところで、何も変わらないだろう。","Kare ga kuru to shita tokoro de, nani mo kawaranai darou.","Even if he comes, nothing will probably change.","JLPT N1"
"～とすると (〜to suru to)","Expresses 'when', 'if', 'given that' in a speculative or hypothetical sense.","Verb-casual + とすると, い-Adjective + とすると,な-Adjective + だとすると, Noun + だとすると","彼が来るとすると、もうすぐここに着くはずです。","Kare ga kuru to suru to, mou sugu koko ni tsuku hazu desu.","If he is coming, he should arrive here soon.","JLPT N1"
"～とすれば (～to sureba)","Used to express 'if it were the case', 'if we assume'.","Verb-casual + とすれば, い-Adjective + とすれば, な-Adjective + だとすれば, Noun + だとすれば","彼が嘘つきだとすれば、その話は信じられない。","Kare ga usotsuki da to sureba, sono hanashi wa shinjirarenai.","If he's a liar, then his story can't be believed.","JLPT N1"
"～となったら (〜to nattara)","Used to express 'when', 'if it comes to', 'in the case of'.","Verb-casual + となったら, Noun + となったら","旅行に行くとなったら、荷造りをしなくてはなりません。","Ryokou ni iku to nattara, nizouri o shinakute wa narimasen.","If it comes to going on a trip, we have to pack.","JLPT N1"
"～となると (〜to naru to)","Used to highlight a certain circumstance or condition; 'when it comes to', 'if it becomes', 'in the case of'.","Verb-casual + となると, い-Adjective + となると,な-Adjective + だとなると, Noun + だとなると","試験となると、多くの学生が緊張します。","Shiken to naru to, ōku no gakusei ga kinchō shimasu.","When it comes to exams, many students become nervous.","JLPT N1"
"～となれば (〜to nareba)","Expresses the idea of 'if it comes to...; when we talk about...; in the case of...'.","Verb-casual + となれば, い-Adjective + となれば,な-Adjective + だとなれば, Noun + だとなれば","彼がリーダーとなれば、プロジェクトは成功するでしょう。","Kare ga riidaa to nareba, purojekuto wa seikou suru deshou.","If he becomes the leader, the project will probably succeed.","JLPT N1"
"～とのことだ (〜to no koto da)","Expresses something that the speaker heard; 'I've heard that', 'I was told that'.","Simplified phrase + とのことだ","週末にパーティーがあるとのことだ。","Shuumatsu ni paatii ga aru to no koto da.","I've heard that there is a party this weekend.","JLPT N1"
"～とはいえ (～to wa ie)","Even though; although; but","Noun + とはいえ, な-Adjective + だとはいえ, い-Adjective + とはいえ, Verb-casual + とはいえ","彼は頭が良いとはいえ、少し怠け者だ。","Kare wa atama ga yoi to wa ie, sukoshi namakemono da.","Although he is smart, he is a bit lazy.","JLPT N1"
"～とみえて (〜to miete)","It seems that; apparently","Verb-casual + とみえて, い-Adjective + とみえて,な-Adjective + だとみえて, Noun + だとみえて","彼は運動が得意とみえて、毎日ジムに行っています。","Kare wa undou ga tokui to miete, mainichi jimu ni itteimasu.","He seems to be good at exercise, as he goes to the gym every day.","JLPT N1"
"～とみられる (～to mirareru)","It is considered that; It is thought that; It is believed that","Verb-casual+ とみられる, Noun + とみられる","彼の行動は無責任とみられる。","Kare no koudou wa musekinin to mirareru.","His behavior is considered irresponsible.","JLPT N1"
"～とみると (〜to miru to)","Expresses the concept of 'when one sees it as', 'viewed as', or 'considering'.","Verb-casual + とみると, い-Adjective + とみると, な-Adjective + だとみると, Noun + だとみると","この問題を数学の視点でとみると、解決策が見えてきます。","Kono mondai o suugaku no shiten de to miru to, kaiketsusaku ga miete kimasu.","When one sees this problem from a mathematical perspective, a solution begins to emerge.","JLPT N1"
"どんなに～うが (donna ni ～ u ga)","Expresses 'no matter how much...', 'even if...'.","どんなに + Verb-casual + うが, どんなに + い-Adjective + うが, どんなに + な-Adjective + だろうが","どんなに頑張ったうが、彼の速さには追いつけない。","Donna ni ganbatta u ga, kare no hayasa ni ha oitsukenai.","No matter how hard I try, I can't catch up with his speed.","JLPT N1"
"～と言わんばかりに (〜to iwan bakari ni)","Indicates an action or behavior that strongly implies a certain unspoken message or feeling.","Verb-volitional + と言わんばかりに, い-Adjective + と言わんばかりに, な-Adjective + だと言わんばかりに, Noun + だと言わんばかりに","彼女は優勝したと言わんばかりに笑った。","Kanojo wa yuushou shita to iwanbakari ni waratta.","She laughed as if to say she won.","JLPT N1"
"～と言わんばかりの Noun (～to iwan bakari no Noun)","Expresses the concept of 'as if to say'; 'almost says'; 'suggests'.","Verb-plain form + と言わんばかりの Noun","田中さんは嬉しくて飛び上がると言わんばかりの笑顔を見せた。","Tanaka-san wa ureshikute tobiagaru to iwan bakari no egao wo miseta.","Tanaka showed a smile as if to say he was so happy he could jump for joy.","JLPT N1"
"～ながらに (～nagara ni)","Expresses the meaning 'while', 'as', or 'since'.","Noun + ながらに, な-Adjective (without 'na') + ながらに","彼は若いながらにすごく経験豊富です。","Kare wa wakai nagara ni sugoku keikenhoufu desu.","Even though he is young, he is very experienced.","JLPT N1"
"～ながらの Noun (〜nagara no Noun)","This grammar point is used to indicate that two actions are happening simultaneously.","Verb-てform + ながらの + Noun","テレビを見ながらの夕食は、子供たちにとって楽しいだろう。","Terebi wo minagara no yuushoku wa, kodomotachi ni totte tanoshii darou.","Dinner while watching TV might be fun for the children.","JLPT N1"
"～ながらも (〜nagara mo)","Despite doing something or 'even though'.","Verb-ながらも","彼は貧しいながらも、幸せな生活を送っている。","Kare wa mazushii nagaramo, shiawase na seikatsu wo okutte iru.","Despite being poor, he leads a happy life.","JLPT N1"
"～なくはない (〜naku wa nai)","Used to express the idea that 'it's not that it's not', implying something is possible but not certain.","Verb-ないform + なくはない, い-Adjective－い ＋ くはない, な-Adjective + ではなくはない, Noun + ではなくはない","それを終えるのは難しくなくはない。","Sore wo oeru no wa muzukashikunaku wa nai.","It's not that it's impossible to finish it.","JLPT N1"
"～なくもない (〜naku mo nai)","Express the possibility; 'not impossible', 'might as well'.","Verb-ないform + もない, い-Adjective-removeい + くもない, な-Adjective + でもない, Noun + でもない","彼がもうすぐ戻るなら、待つなくもない。","Kare ga mou sugu modoru nara, matsu naku mo nai.","If he will be back soon, it wouldn't be a bad idea to wait.","JLPT N1"
"～なら～なりに","This grammar point means 'if it is X, it is X in its own way', emphasizing the characteristics of X.","Noun + なら(そのN)なりに/Adjective + なら(その adj.)なりに","彼はまだ初心者なら初心者なりに頑張っている。","Kare wa mada shoshinsha nara shoshinsha nari ni ganbatteiru.","If he is still a beginner, he is working hard in his own way as a beginner.","JLPT N1"
"～には及ばない (〜ni wa oyobanai)","Not necessary; Unworthy of","Verb-dictionary form + には及ばない","ファーストクラスに乗るには及ばない、エコノミークラスでも十分だ。","Fāsuto kurasu ni noru ni wa oyobanai, ekonomī kurasu demo juubun da.","There is no need to go as far as to ride in first class, economy class is enough.","JLPT N1"
"～に堪えない (～ni taenai)","Used to express that something is unbearable or hard to stand.","Verb-dictionary form + に堪えない, Noun + に堪えない","この暑さはもう耐えられない。","Kono atsusa wa mou taerarenai.","I can't stand this heat anymore.","JLPT N1"
"～に堪える (～ni taeru)","Signify 'cannot stand', 'can’t help but feel', 'cannot be overlooked'.","Verb-dictionary form + に堪える, Verb-nai form + に堪える, い-adjective + さ + に堪える, な-Adjective + さ + に堪える, Noun + の + に堪える","この暑さはもう我慢に堪えない。","Kono atsusa wa mou gaman ni taenai.","I can't stand this heat anymore.","JLPT N1"
"～に耐える (～ni taeru)","To endure or withstand something; 'endure', 'withstand', 'tolerate'.","Noun + に耐える","彼は厳しい修行に耐えた。","Kare wa kibishii shugyou ni taeta.","He endured the harsh training.","JLPT N1"
"～に至った (〜ni itatta)","Expresses the outcome of a process or a series of events; 'reached the point', 'led to'.","Verb-てform + に至った","彼は練習を重ねて、ついにプロのギタリストに至った。","Kare wa renshuu o kasanete, tsui ni puro no gitarisuto ni itatta.","After repeated practice, he finally became a professional guitarist.","JLPT N1"
"～に越したことはない (〜ni koshita koto wa nai)","Expresses the idea 'it is best to...' or 'nothing better than...'.","Verb-てform + に越したことはない, い-Adjective + に越したことはない,な-Adjective + に越したことはない, Noun + に越したことはない","早く準備するに越したことはない。","Hayaku junbi suru ni koshita koto wa nai.","It is best to prepare early.","JLPT N1"
"～に難くない (～ni muzukunai)","Expresses the idea that something is not difficult; 'not difficult to ~'","Verb-ない form (Remove ない) + に難くない","この手紙を読むのに難くない。","Kono tegami wo yomu no ni muzukunai.","It's not difficult to read this letter.","JLPT N1"
"～のは Noun ぐらいのものだ (〜no wa 〜 gurai no mono da)","Expresses the idea that 'only/exclusively Noun' or 'nothing but Noun'.","Verb-casual + のは Noun + ぐらいのものだ, い-Adjective + のは Noun + ぐらいのものだ,な-Adjective + のは Noun + ぐらいのものだ, Noun + のは Noun + ぐらいのものだ","この小説を読むのは楽しみぐらいのものだ。","Kono shousetsu wo yomu no wa tanoshimi gurai no mono da.","The only thing about reading this novel is pleasure.","JLPT N1"
"～ば～ものを (～ba～mono o)","Expresses regret about a situation that did not happen; 'if only', 'it would be good if'.","Verb-casual, past + ば + Verb-casual, past + ものを, い-Adjective + ければ + い-Adjective + ものを, な-Adjective + であれば + な-Adjective + ものを, Noun + であれば + Noun + ものを","早く起きれば、遅刻しなかったものを。","Hayaku okireba, chikoku shinakatta mono o.","If only I had woken up early, I would not have been late.","JLPT N1"
"～びた Noun (～ bi ta ～)","Used to emphasise the objective or target of an action.","Verb-volitional + びた + Noun","とっつきびた友人になりたい。","Tottsukibi ta tomodachi ni naritai.","I want to become a lifelong friend.","JLPT N1"
"～びる (〜biru)","Express an action that one does repeatedly or habitually.","Verbs-masu-stem + びる","彼は毎日のようにジョギングに行きびる。","Kare wa mainichi no you ni jogingu ni iki biru.","He goes jogging almost every day.","JLPT N1"
"～ぶった","This structure is used to indicate something 'struck with' or 'hit by' the meaning of the noun.","Noun + を + ぶった, Verb +て/で + ぶった","彼は突然失業をぶった。","Kare wa totsuzen shitsugyou wo butta.","He was suddenly hit by unemployment.","JLPT N1"
"～ぶって (〜butte)","Used to express the act of pretending or acting in a particular manner.","Verb-stem + ぶって","彼はまるで知っているふうにぶって話を進めていた。","Kare wa marude shitteiru fuu ni butte hanashi o susumete ita.","He was talking as if he knew everything.","JLPT N1"
"～ぶり (〜buri)","Express the amount of time elapsed since doing something last.","Time expression + ぶり","三年ぶりに彼に会いました。","San-nen buri ni kare ni aimashita.","I met him for the first time in three years.","JLPT N1"
"～ぶる (〜buru)","Used when someone is acting or pretending to be something they are not.","Noun + ぶる","彼はあたかも知っているかのように学者ぶる。","Kare wa atakamo shitte iru ka no you ni gakusha buru.","He acts like a scholar as if he knows everything.","JLPT N1"
"～までだ (～made da)","Expresses the limit or 'up to' something; 'it's only', 'as far as', 'up to'.","Verb-dictionary form or ない form + までだ, い-Adjective + までだ, Noun + までだ","彼とは友達までだ、それ以上の関係ではありません。","Kare to wa tomodachi made da, sore ijou no kankei dewa arimasen.","With him, it's only up to friendship, there's no more relationship than that.","JLPT N1"
"～もなんでもない (〜mo nandemonai)","Expression used to dismiss or negate something's importance or significance; 'it's nothing at all', 'it does not matter'.","Verb-dictionary form + もなんでもない, い-Adjective + もなんでもない,な-Adjective + なもなんでもない, Noun + もなんでもない","100万円を負けるもなんでもない。","Hyaku man en o makeru mo nandemonai.","Losing a million yen is nothing at all.","JLPT N1"
"～ものとして (～mono to shite)","Assuming/Under the assumption that/In the event.","Verb-casual + ものとして, い-Adjective + ものとして, な-Adjective + なものとして, Noun + のものとして","雨が降るものとして、傘を持って行きました。","Ame ga furu mono to shite, kasa wo motte ikimashita.","Assuming that it would rain, I brought an umbrella.","JLPT N1"
"～んがために (〜n ga tame ni)","Expresses the reason or purpose for doing something; 'for the sake of', 'in order to'.","Verb-ます stem + んがために, Noun + のんがために","健康を保つんがために、毎日運動をしています。","Kenkou o tamotsu n ga tame ni, mainichi undou o shite imasu.","I exercise daily in order to maintain my health.","JLPT N1"
"～んばかりに (〜n bakari ni ～)","Expresses the idea of 'as if to say' or 'as though' something is the case.","Verb-ます stem + んばかりに, Noun + ばかりに","彼は、何も知らないんばかりに、私の質問を無視した。","Kare wa, nani mo shiranai n bakari ni, watashi no shitsumon o mushi shita.","He ignored my question as if he knew nothing.","JLPT N1"
"～差し支えない (〜sashi tsukaenai)","Expresses the lack of a problem or obstacle; 'it's not a problem', 'it doesn't matter', 'there's no harm'.","Verb-てform + も差し支えない, Noun + が差し支えない","多少遅くても差し支えないです。","Tashou osokutemo sashitsukaenai desu.","It's not a problem even if it's a little late.","JLPT N1"
"～折に (〜ori ni)","Indicates the time when something happens; 'when', 'at the time of'.","Verb-dictionary form + 折に, Noun + の折に","父が病気の折に、私は留学していました。","Chichi ga byouki no ori ni, watashi wa ryuugaku shite imashita.","When my father was ill, I was studying abroad.","JLPT N1"
"～極まりない (〜kiwamarinai)","Express extreme state; 'extremely', 'utterly', 'to the utmost'.","Verb-ますstem + 極まりない, Noun + の極まりない","この試験の難しさは極まりない。","Kono shiken no muzukashisa wa kiwamarinai.","The difficulty of this test is extreme.","JLPT N1"
"～極まる (〜kiwamaru)","Expresses the idea 'to the utmost', or 'to the extreme'.","Verb-ますstem + 極まる/極まりない, い-Adjective remove い + 極まる/極まりない,な-Adjective + 極まる/極まりない, Noun + 極まる/極まりない","彼の無礼さは極まる。","Kare no bureisa wa kiwamaru.","His rudeness is to the extreme.","JLPT N1"
"～足りない (～tarinai)","Express insufficiency or lack of something.","Verb-casual, non-past + ほど/だけ + 足りない, Noun + が + 足りない","私の日本語の能力はまだまだ足りない。","Watashi no nihongo no nouryoku wa madamada tarinai.","My Japanese ability is still not enough.","JLPT N1"
"～足る Noun (〜taru～)","Express that something is sufficient; 'enough', 'sufficient'.","Noun + 足る","この料理は4人分足る。","Kono ryouri wa yoninbun taru.","This dish is enough for four people.","JLPT N1"
"～限りだ (〜kagiri da)","Expresses an extreme state or condition; translated as 'to the utmost', 'extremely', 'as can be'.","Verb-casual, past + 限りだ, い-Adjective + 限りだ","彼女が結婚してしまった。驚きの限りだ。","Kanojo ga kekkon shite shimatta. Odoroki no kagiri da.","She got married. I'm as shocked as can be.","JLPT N1"
